{"v":"5.6.7","fr":30,"ip":0,"op":60,"w":675,"h":675,"nm":"Charging","ddd":0,"assets":[],"fonts":{"list":[{"fName":"Calibri","fFamily":"Calibri","fStyle":"Regular","ascent":68.0923461914063}]},"layers":[{"ddd":0,"ind":1,"ty":5,"nm":"Charging...","sr":1,"ks":{"o":{"a":0,"k":100,"ix":11},"r":{"a":0,"k":0,"ix":10},"p":{"a":0,"k":[353.029,567,0],"ix":2},"a":{"a":0,"k":[0.318,-15.5,0],"ix":1},"s":{"a":0,"k":[100,100,100],"ix":6}},"ao":0,"sy":[{"c":{"a":0,"k":[0,0,0,1],"ix":2},"o":{"a":0,"k":75,"ix":3},"a":{"a":0,"k":120,"ix":5},"s":{"a":0,"k":5,"ix":8},"d":{"a":0,"k":5,"ix":6},"ch":{"a":0,"k":0,"ix":7},"bm":{"a":0,"k":5,"ix":1},"no":{"a":0,"k":0,"ix":9},"lc":{"a":0,"k":1,"ix":10},"ty":1,"nm":"Drop Shadow"},{"c":{"a":0,"k":[0,0,0,1],"ix":2},"o":{"a":0,"k":75,"ix":3},"a":{"a":0,"k":120,"ix":5},"s":{"a":0,"k":5,"ix":8},"d":{"a":0,"k":5,"ix":6},"ch":{"a":0,"k":0,"ix":7},"bm":{"a":0,"k":5,"ix":1},"no":{"a":0,"k":0,"ix":9},"ty":2,"nm":"Inner Shadow"},{"c":{"a":0,"k":[1,1,0.745098039216,1],"ix":5},"o":{"a":0,"k":75,"ix":2},"s":{"a":0,"k":5,"ix":10},"r":{"a":0,"k":50,"ix":11},"ch":{"a":0,"k":0,"ix":9},"bm":{"a":0,"k":11,"ix":1},"no":{"a":0,"k":0,"ix":3},"j":{"a":0,"k":0,"ix":12},"ty":3,"nm":"Outer Glow"},{"c":{"a":0,"k":[1,1,0.745098039216,1],"ix":5},"o":{"a":0,"k":75,"ix":2},"s":{"a":0,"k":5,"ix":11},"r":{"a":0,"k":50,"ix":12},"sr":{"a":0,"k":1,"ix":9},"ch":{"a":0,"k":0,"ix":10},"bm":{"a":0,"k":11,"ix":1},"no":{"a":0,"k":0,"ix":3},"j":{"a":0,"k":0,"ix":13},"ty":4,"nm":"Inner Glow"},{"c":{"a":0,"k":[1,0,0,1],"ix":2},"s":{"a":0,"k":3,"ix":3},"ty":0,"nm":"Stroke"}],"t":{"d":{"k":[{"s":{"s":62,"f":"Calibri","t":"Charging...","j":2,"tr":0,"lh":74.4,"ls":0,"fc":[0.027,0.271,0.514]},"t":0}]},"p":{},"m":{"g":1,"a":{"a":0,"k":[0,0],"ix":2}},"a":[]},"ip":0,"op":93,"st":0,"bm":0},{"ddd":0,"ind":2,"ty":4,"nm":"Shape Layer 7","sr":1,"ks":{"o":{"a":0,"k":100,"ix":11},"r":{"a":0,"k":0,"ix":10},"p":{"a":0,"k":[337.5,127,0],"ix":2},"a":{"a":0,"k":[8,-196.5,0],"ix":1},"s":{"a":0,"k":[100,100,100],"ix":6}},"ao":0,"sy":[{"c":{"a":0,"k":[0,0,0,1],"ix":2},"o":{"a":0,"k":75,"ix":3},"a":{"a":0,"k":120,"ix":5},"s":{"a":0,"k":5,"ix":8},"d":{"a":0,"k":5,"ix":6},"ch":{"a":0,"k":0,"ix":7},"bm":{"a":0,"k":5,"ix":1},"no":{"a":0,"k":0,"ix":9},"lc":{"a":0,"k":1,"ix":10},"ty":1,"nm":"Drop Shadow"},{"c":{"a":0,"k":[0,0,0,1],"ix":2},"o":{"a":0,"k":75,"ix":3},"a":{"a":0,"k":120,"ix":5},"s":{"a":0,"k":5,"ix":8},"d":{"a":0,"k":5,"ix":6},"ch":{"a":0,"k":0,"ix":7},"bm":{"a":0,"k":5,"ix":1},"no":{"a":0,"k":0,"ix":9},"ty":2,"nm":"Inner Shadow"},{"c":{"a":0,"k":[1,1,0.745098039216,1],"ix":5},"o":{"a":0,"k":75,"ix":2},"s":{"a":0,"k":5,"ix":10},"r":{"a":0,"k":50,"ix":11},"ch":{"a":0,"k":0,"ix":9},"bm":{"a":0,"k":11,"ix":1},"no":{"a":0,"k":0,"ix":3},"j":{"a":0,"k":0,"ix":12},"ty":3,"nm":"Outer Glow"},{"c":{"a":0,"k":[1,1,0.745098039216,1],"ix":5},"o":{"a":0,"k":75,"ix":2},"s":{"a":0,"k":5,"ix":11},"r":{"a":0,"k":50,"ix":12},"sr":{"a":0,"k":1,"ix":9},"ch":{"a":0,"k":0,"ix":10},"bm":{"a":0,"k":11,"ix":1},"no":{"a":0,"k":0,"ix":3},"j":{"a":0,"k":0,"ix":13},"ty":4,"nm":"Inner Glow"},{"c":{"a":0,"k":[1,0,0,1],"ix":2},"s":{"a":0,"k":3,"ix":3},"ty":0,"nm":"Stroke"}],"shapes":[{"ty":"gr","it":[{"ty":"rc","d":1,"s":{"a":0,"k":[68,44],"ix":2},"p":{"a":0,"k":[0,0],"ix":3},"r":{"a":0,"k":10,"ix":4},"nm":"Rectangle Path 1","mn":"ADBE Vector Shape - Rect","hd":false},{"ty":"fl","c":{"a":0,"k":[0.027450980392,0.270588235294,0.513725490196,1],"ix":4},"o":{"a":0,"k":100,"ix":5},"r":1,"bm":0,"nm":"Fill 1","mn":"ADBE Vector Graphic - Fill","hd":false},{"ty":"tr","p":{"a":0,"k":[8,-196.5],"ix":2},"a":{"a":0,"k":[0,0],"ix":1},"s":{"a":0,"k":[100,100],"ix":3},"r":{"a":0,"k":0,"ix":6},"o":{"a":0,"k":100,"ix":7},"sk":{"a":0,"k":0,"ix":4},"sa":{"a":0,"k":0,"ix":5},"nm":"Transform"}],"nm":"Rectangle 1","np":3,"cix":2,"bm":0,"ix":1,"mn":"ADBE Vector Group","hd":false}],"ip":0,"op":60,"st":0,"bm":0},{"ddd":0,"ind":3,"ty":4,"nm":"Blur","sr":1,"ks":{"o":{"a":1,"k":[{"i":{"x":[0.833],"y":[0.833]},"o":{"x":[0.167],"y":[0.167]},"t":19,"s":[0]},{"t":20,"s":[100]}],"ix":11},"r":{"a":0,"k":17.985,"ix":10},"p":{"a":0,"k":[339.654,317.853,0],"ix":2},"a":{"a":0,"k":[341,-17.5,0],"ix":1},"s":{"a":1,"k":[{"i":{"x":[0.667,0.667,0.667],"y":[1,1,1]},"o":{"x":[0.333,0.333,0.333],"y":[0,0,0]},"t":19,"s":[61.413,61.413,100]},{"i":{"x":[0.667,0.667,0.667],"y":[1,1,1]},"o":{"x":[0.333,0.333,0.333],"y":[0,0,0]},"t":22,"s":[100,100,100]},{"i":{"x":[0.667,0.667,0.667],"y":[1,1,1]},"o":{"x":[0.333,0.333,0.333],"y":[0,0,0]},"t":28,"s":[106.413,106.413,100]},{"i":{"x":[0.667,0.667,0.667],"y":[1,1,1]},"o":{"x":[0.333,0.333,0.333],"y":[0,0,0]},"t":32,"s":[77.413,77.413,100]},{"i":{"x":[0.667,0.667,0.667],"y":[1,1,1]},"o":{"x":[0.333,0.333,0.333],"y":[0,0,0]},"t":38,"s":[77.413,77.413,100]},{"t":42,"s":[100,100,100]}],"ix":6}},"ao":0,"ef":[{"ty":29,"nm":"Gaussian Blur","np":6,"mn":"ADBE Gaussian Blur 2","ix":1,"en":1,"ef":[{"ty":0,"nm":"Blurriness","mn":"ADBE Gaussian Blur 2-0001","ix":1,"v":{"a":0,"k":50,"ix":1}},{"ty":7,"nm":"Blur Dimensions","mn":"ADBE Gaussian Blur 2-0002","ix":2,"v":{"a":0,"k":1,"ix":2}},{"ty":7,"nm":"Repeat Edge Pixels","mn":"ADBE Gaussian Blur 2-0003","ix":3,"v":{"a":0,"k":0,"ix":3}},{"ty":7,"nm":"GPU Rendering","mn":"ADBE Force CPU GPU","ix":4,"v":{"a":0,"k":1,"ix":4}}]}],"sy":[{"c":{"a":0,"k":[0,0,0,1],"ix":2},"o":{"a":0,"k":75,"ix":3},"a":{"a":0,"k":120,"ix":5},"s":{"a":0,"k":5,"ix":8},"d":{"a":0,"k":5,"ix":6},"ch":{"a":0,"k":0,"ix":7},"bm":{"a":0,"k":5,"ix":1},"no":{"a":0,"k":0,"ix":9},"lc":{"a":0,"k":1,"ix":10},"ty":1,"nm":"Drop Shadow"},{"c":{"a":0,"k":[0,0,0,1],"ix":2},"o":{"a":0,"k":75,"ix":3},"a":{"a":0,"k":120,"ix":5},"s":{"a":0,"k":5,"ix":8},"d":{"a":0,"k":5,"ix":6},"ch":{"a":0,"k":0,"ix":7},"bm":{"a":0,"k":5,"ix":1},"no":{"a":0,"k":0,"ix":9},"ty":2,"nm":"Inner Shadow"},{"c":{"a":0,"k":[1,1,0.745098039216,1],"ix":5},"o":{"a":0,"k":75,"ix":2},"s":{"a":0,"k":5,"ix":10},"r":{"a":0,"k":50,"ix":11},"ch":{"a":0,"k":0,"ix":9},"bm":{"a":0,"k":11,"ix":1},"no":{"a":0,"k":0,"ix":3},"j":{"a":0,"k":0,"ix":12},"ty":3,"nm":"Outer Glow"},{"c":{"a":0,"k":[1,1,0.745098039216,1],"ix":5},"o":{"a":0,"k":75,"ix":2},"s":{"a":0,"k":5,"ix":11},"r":{"a":0,"k":50,"ix":12},"sr":{"a":0,"k":1,"ix":9},"ch":{"a":0,"k":0,"ix":10},"bm":{"a":0,"k":11,"ix":1},"no":{"a":0,"k":0,"ix":3},"j":{"a":0,"k":0,"ix":13},"ty":4,"nm":"Inner Glow"},{"c":{"a":0,"k":[1,0,0,1],"ix":2},"s":{"a":0,"k":3,"ix":3},"ty":0,"nm":"Stroke"}],"shapes":[{"ty":"gr","it":[{"ind":0,"ty":"sh","ix":1,"ks":{"a":0,"k":{"i":[[0,0],[0,0],[0,0],[0,0],[0,0],[0,0],[0,0]],"o":[[0,0],[0,0],[0,0],[0,0],[0,0],[0,0],[0,0]],"v":[[279.007,-133.326],[229.184,-93.049],[307.126,35.003],[349.69,6.684],[465.194,113.13],[362.26,-84.172],[326.847,-60.533]],"c":true},"ix":2},"nm":"Path 1","mn":"ADBE Vector Shape - Group","hd":false},{"ty":"fl","c":{"a":0,"k":[0.490149943034,0.768047437481,0.976470588235,1],"ix":4},"o":{"a":0,"k":60,"ix":5},"r":1,"bm":0,"nm":"Fill 1","mn":"ADBE Vector Graphic - Fill","hd":false},{"ty":"tr","p":{"a":0,"k":[336,-26],"ix":2},"a":{"a":0,"k":[336,-26],"ix":1},"s":{"a":0,"k":[100,100],"ix":3},"r":{"a":0,"k":0,"ix":6},"o":{"a":0,"k":100,"ix":7},"sk":{"a":0,"k":0,"ix":4},"sa":{"a":0,"k":0,"ix":5},"nm":"Transform"}],"nm":"Shape 1","np":3,"cix":2,"bm":0,"ix":1,"mn":"ADBE Vector Group","hd":false}],"ip":0,"op":60,"st":0,"bm":0},{"ddd":0,"ind":4,"ty":4,"nm":"Shape Layer 4","sr":1,"ks":{"o":{"a":0,"k":100,"ix":11},"r":{"a":0,"k":17.985,"ix":10},"p":{"a":0,"k":[339.654,317.853,0],"ix":2},"a":{"a":0,"k":[341,-17.5,0],"ix":1},"s":{"a":1,"k":[{"i":{"x":[0.667,0.667,0.667],"y":[1,1,1]},"o":{"x":[0.333,0.333,0.333],"y":[0,0,0]},"t":19,"s":[51.413,51.413,100]},{"i":{"x":[0.667,0.667,0.667],"y":[1,1,1]},"o":{"x":[0.333,0.333,0.333],"y":[0,0,0]},"t":22,"s":[61.413,61.413,100]},{"i":{"x":[0.667,0.667,0.667],"y":[1,1,1]},"o":{"x":[0.333,0.333,0.333],"y":[0,0,0]},"t":39,"s":[51.413,51.413,100]},{"t":42,"s":[61.413,61.413,100]}],"ix":6}},"ao":0,"sy":[{"c":{"a":0,"k":[0,0,0,1],"ix":2},"o":{"a":0,"k":75,"ix":3},"a":{"a":0,"k":120,"ix":5},"s":{"a":0,"k":5,"ix":8},"d":{"a":0,"k":5,"ix":6},"ch":{"a":0,"k":0,"ix":7},"bm":{"a":0,"k":5,"ix":1},"no":{"a":0,"k":0,"ix":9},"lc":{"a":0,"k":1,"ix":10},"ty":1,"nm":"Drop Shadow"},{"c":{"a":0,"k":[0,0,0,1],"ix":2},"o":{"a":0,"k":75,"ix":3},"a":{"a":0,"k":120,"ix":5},"s":{"a":0,"k":5,"ix":8},"d":{"a":0,"k":5,"ix":6},"ch":{"a":0,"k":0,"ix":7},"bm":{"a":0,"k":5,"ix":1},"no":{"a":0,"k":0,"ix":9},"ty":2,"nm":"Inner Shadow"},{"c":{"a":0,"k":[1,1,0.745098039216,1],"ix":5},"o":{"a":0,"k":75,"ix":2},"s":{"a":0,"k":5,"ix":10},"r":{"a":0,"k":50,"ix":11},"ch":{"a":0,"k":0,"ix":9},"bm":{"a":0,"k":11,"ix":1},"no":{"a":0,"k":0,"ix":3},"j":{"a":0,"k":0,"ix":12},"ty":3,"nm":"Outer Glow"},{"c":{"a":0,"k":[1,1,0.745098039216,1],"ix":5},"o":{"a":0,"k":75,"ix":2},"s":{"a":0,"k":5,"ix":11},"r":{"a":0,"k":50,"ix":12},"sr":{"a":0,"k":1,"ix":9},"ch":{"a":0,"k":0,"ix":10},"bm":{"a":0,"k":11,"ix":1},"no":{"a":0,"k":0,"ix":3},"j":{"a":0,"k":0,"ix":13},"ty":4,"nm":"Inner Glow"},{"c":{"a":0,"k":[1,0,0,1],"ix":2},"s":{"a":0,"k":3,"ix":3},"ty":0,"nm":"Stroke"}],"shapes":[{"ty":"gr","it":[{"ind":0,"ty":"sh","ix":1,"ks":{"a":0,"k":{"i":[[0,0],[0,0],[0,0],[0,0],[0,0],[0,0],[0,0]],"o":[[0,0],[0,0],[0,0],[0,0],[0,0],[0,0],[0,0]],"v":[[256,-145.5],[214,-111.5],[300,26.5],[352,-7.5],[468,110.5],[362,-79.5],[318,-49.5]],"c":true},"ix":2},"nm":"Path 1","mn":"ADBE Vector Shape - Group","hd":false},{"ty":"st","c":{"a":0,"k":[0.894117647059,0.941176470588,0.976470588235,1],"ix":3},"o":{"a":0,"k":100,"ix":4},"w":{"a":0,"k":5,"ix":5},"lc":1,"lj":1,"ml":4,"bm":0,"nm":"Stroke 1","mn":"ADBE Vector Graphic - Stroke","hd":false},{"ty":"tr","p":{"a":0,"k":[336,-26],"ix":2},"a":{"a":0,"k":[336,-26],"ix":1},"s":{"a":0,"k":[100,100],"ix":3},"r":{"a":0,"k":0,"ix":6},"o":{"a":0,"k":100,"ix":7},"sk":{"a":0,"k":0,"ix":4},"sa":{"a":0,"k":0,"ix":5},"nm":"Transform"}],"nm":"Shape 1","np":3,"cix":2,"bm":0,"ix":1,"mn":"ADBE Vector Group","hd":false},{"ty":"tm","s":{"a":0,"k":0,"ix":1},"e":{"a":1,"k":[{"i":{"x":[0.667],"y":[1]},"o":{"x":[0.167],"y":[0.167]},"t":0,"s":[0]},{"t":20,"s":[100]}],"ix":2},"o":{"a":0,"k":0,"ix":3},"m":1,"ix":2,"nm":"Trim Paths 1","mn":"ADBE Vector Filter - Trim","hd":false}],"ip":0,"op":60,"st":0,"bm":0},{"ddd":0,"ind":5,"ty":4,"nm":"Shape Layer 6","sr":1,"ks":{"o":{"a":1,"k":[{"i":{"x":[0.833],"y":[0.833]},"o":{"x":[0.167],"y":[0.167]},"t":19,"s":[0]},{"t":20,"s":[100]}],"ix":11},"r":{"a":0,"k":17.985,"ix":10},"p":{"a":0,"k":[339.654,317.853,0],"ix":2},"a":{"a":0,"k":[341,-17.5,0],"ix":1},"s":{"a":1,"k":[{"i":{"x":[0.667,0.667,0.667],"y":[1,1,1]},"o":{"x":[0.333,0.333,0.333],"y":[0,0,0]},"t":19,"s":[51.413,51.413,100]},{"i":{"x":[0.667,0.667,0.667],"y":[1,1,1]},"o":{"x":[0.333,0.333,0.333],"y":[0,0,0]},"t":22,"s":[61.413,61.413,100]},{"i":{"x":[0.667,0.667,0.667],"y":[1,1,1]},"o":{"x":[0.333,0.333,0.333],"y":[0,0,0]},"t":39,"s":[51.413,51.413,100]},{"t":42,"s":[61.413,61.413,100]}],"ix":6}},"ao":0,"sy":[{"c":{"a":0,"k":[0,0,0,1],"ix":2},"o":{"a":0,"k":75,"ix":3},"a":{"a":0,"k":120,"ix":5},"s":{"a":0,"k":5,"ix":8},"d":{"a":0,"k":5,"ix":6},"ch":{"a":0,"k":0,"ix":7},"bm":{"a":0,"k":5,"ix":1},"no":{"a":0,"k":0,"ix":9},"lc":{"a":0,"k":1,"ix":10},"ty":1,"nm":"Drop Shadow"},{"c":{"a":0,"k":[0,0,0,1],"ix":2},"o":{"a":0,"k":75,"ix":3},"a":{"a":0,"k":120,"ix":5},"s":{"a":0,"k":5,"ix":8},"d":{"a":0,"k":5,"ix":6},"ch":{"a":0,"k":0,"ix":7},"bm":{"a":0,"k":5,"ix":1},"no":{"a":0,"k":0,"ix":9},"ty":2,"nm":"Inner Shadow"},{"c":{"a":0,"k":[1,1,0.745098039216,1],"ix":5},"o":{"a":0,"k":75,"ix":2},"s":{"a":0,"k":5,"ix":10},"r":{"a":0,"k":50,"ix":11},"ch":{"a":0,"k":0,"ix":9},"bm":{"a":0,"k":11,"ix":1},"no":{"a":0,"k":0,"ix":3},"j":{"a":0,"k":0,"ix":12},"ty":3,"nm":"Outer Glow"},{"c":{"a":0,"k":[1,1,0.745098039216,1],"ix":5},"o":{"a":0,"k":75,"ix":2},"s":{"a":0,"k":5,"ix":11},"r":{"a":0,"k":50,"ix":12},"sr":{"a":0,"k":1,"ix":9},"ch":{"a":0,"k":0,"ix":10},"bm":{"a":0,"k":11,"ix":1},"no":{"a":0,"k":0,"ix":3},"j":{"a":0,"k":0,"ix":13},"ty":4,"nm":"Inner Glow"},{"c":{"a":0,"k":[1,0,0,1],"ix":2},"s":{"a":0,"k":3,"ix":3},"ty":0,"nm":"Stroke"}],"shapes":[{"ty":"gr","it":[{"ind":0,"ty":"sh","ix":1,"ks":{"a":0,"k":{"i":[[0,0],[0,0],[0,0],[0,0],[0,0],[0,0],[0,0]],"o":[[0,0],[0,0],[0,0],[0,0],[0,0],[0,0],[0,0]],"v":[[256,-145.5],[214,-111.5],[300,26.5],[352,-7.5],[468,110.5],[362,-79.5],[318,-49.5]],"c":true},"ix":2},"nm":"Path 1","mn":"ADBE Vector Shape - Group","hd":false},{"ty":"fl","c":{"a":0,"k":[0.894117647059,0.941176470588,0.976470588235,1],"ix":4},"o":{"a":0,"k":100,"ix":5},"r":1,"bm":0,"nm":"Fill 1","mn":"ADBE Vector Graphic - Fill","hd":false},{"ty":"tr","p":{"a":0,"k":[336,-26],"ix":2},"a":{"a":0,"k":[336,-26],"ix":1},"s":{"a":0,"k":[100,100],"ix":3},"r":{"a":0,"k":0,"ix":6},"o":{"a":0,"k":100,"ix":7},"sk":{"a":0,"k":0,"ix":4},"sa":{"a":0,"k":0,"ix":5},"nm":"Transform"}],"nm":"Shape 1","np":3,"cix":2,"bm":0,"ix":1,"mn":"ADBE Vector Group","hd":false}],"ip":0,"op":60,"st":0,"bm":0},{"ddd":0,"ind":6,"ty":4,"nm":"bg","sr":1,"ks":{"o":{"a":0,"k":100,"ix":11},"r":{"a":0,"k":0,"ix":10},"p":{"a":0,"k":[337.5,313,0],"ix":2},"a":{"a":0,"k":[-22,28.5,0],"ix":1},"s":{"a":0,"k":[61.413,61.413,100],"ix":6}},"ao":0,"sy":[{"c":{"a":0,"k":[0,0,0,1],"ix":2},"o":{"a":0,"k":75,"ix":3},"a":{"a":0,"k":120,"ix":5},"s":{"a":0,"k":5,"ix":8},"d":{"a":0,"k":5,"ix":6},"ch":{"a":0,"k":0,"ix":7},"bm":{"a":0,"k":5,"ix":1},"no":{"a":0,"k":0,"ix":9},"lc":{"a":0,"k":1,"ix":10},"ty":1,"nm":"Drop Shadow"},{"c":{"a":0,"k":[0,0,0,1],"ix":2},"o":{"a":0,"k":75,"ix":3},"a":{"a":0,"k":120,"ix":5},"s":{"a":0,"k":5,"ix":8},"d":{"a":0,"k":5,"ix":6},"ch":{"a":0,"k":0,"ix":7},"bm":{"a":0,"k":5,"ix":1},"no":{"a":0,"k":0,"ix":9},"ty":2,"nm":"Inner Shadow"},{"c":{"a":0,"k":[1,1,0.745098039216,1],"ix":5},"o":{"a":0,"k":75,"ix":2},"s":{"a":0,"k":5,"ix":10},"r":{"a":0,"k":50,"ix":11},"ch":{"a":0,"k":0,"ix":9},"bm":{"a":0,"k":11,"ix":1},"no":{"a":0,"k":0,"ix":3},"j":{"a":0,"k":0,"ix":12},"ty":3,"nm":"Outer Glow"},{"c":{"a":0,"k":[1,1,0.745098039216,1],"ix":5},"o":{"a":0,"k":75,"ix":2},"s":{"a":0,"k":5,"ix":11},"r":{"a":0,"k":50,"ix":12},"sr":{"a":0,"k":1,"ix":9},"ch":{"a":0,"k":0,"ix":10},"bm":{"a":0,"k":11,"ix":1},"no":{"a":0,"k":0,"ix":3},"j":{"a":0,"k":0,"ix":13},"ty":4,"nm":"Inner Glow"},{"c":{"a":0,"k":[1,0,0,1],"ix":2},"s":{"a":0,"k":3,"ix":3},"ty":0,"nm":"Stroke"}],"shapes":[{"ty":"gr","it":[{"ty":"rc","d":1,"s":{"a":0,"k":[292,504],"ix":2},"p":{"a":0,"k":[0,0],"ix":3},"r":{"a":0,"k":39,"ix":4},"nm":"Rectangle Path 1","mn":"ADBE Vector Shape - Rect","hd":false},{"ty":"fl","c":{"a":0,"k":[0.027450980392,0.270588235294,0.513725490196,1],"ix":4},"o":{"a":0,"k":100,"ix":5},"r":1,"bm":0,"nm":"Fill 1","mn":"ADBE Vector Graphic - Fill","hd":false},{"ty":"tr","p":{"a":0,"k":[-22,28.5],"ix":2},"a":{"a":0,"k":[0,0],"ix":1},"s":{"a":0,"k":[106.502,116.601],"ix":3},"r":{"a":0,"k":0,"ix":6},"o":{"a":0,"k":100,"ix":7},"sk":{"a":0,"k":0,"ix":4},"sa":{"a":0,"k":0,"ix":5},"nm":"Transform"}],"nm":"Rectangle 1","np":3,"cix":2,"bm":0,"ix":1,"mn":"ADBE Vector Group","hd":false}],"ip":0,"op":60,"st":0,"bm":0},{"ddd":0,"ind":7,"ty":4,"nm":"Shape Layer 1","sr":1,"ks":{"o":{"a":0,"k":100,"ix":11},"r":{"a":0,"k":0,"ix":10},"p":{"a":0,"k":[335.5,332.5,0],"ix":2},"a":{"a":0,"k":[0,0,0],"ix":1},"s":{"a":0,"k":[107.719,96.726,100],"ix":6}},"ao":0,"sy":[{"c":{"a":0,"k":[0,0,0,1],"ix":2},"o":{"a":0,"k":75,"ix":3},"a":{"a":0,"k":120,"ix":5},"s":{"a":0,"k":5,"ix":8},"d":{"a":0,"k":5,"ix":6},"ch":{"a":0,"k":0,"ix":7},"bm":{"a":0,"k":5,"ix":1},"no":{"a":0,"k":0,"ix":9},"lc":{"a":0,"k":1,"ix":10},"ty":1,"nm":"Drop Shadow"},{"c":{"a":0,"k":[0,0,0,1],"ix":2},"o":{"a":0,"k":75,"ix":3},"a":{"a":0,"k":120,"ix":5},"s":{"a":0,"k":5,"ix":8},"d":{"a":0,"k":5,"ix":6},"ch":{"a":0,"k":0,"ix":7},"bm":{"a":0,"k":5,"ix":1},"no":{"a":0,"k":0,"ix":9},"ty":2,"nm":"Inner Shadow"},{"c":{"a":0,"k":[1,1,0.745098039216,1],"ix":5},"o":{"a":0,"k":75,"ix":2},"s":{"a":0,"k":5,"ix":10},"r":{"a":0,"k":50,"ix":11},"ch":{"a":0,"k":0,"ix":9},"bm":{"a":0,"k":11,"ix":1},"no":{"a":0,"k":0,"ix":3},"j":{"a":0,"k":0,"ix":12},"ty":3,"nm":"Outer Glow"},{"c":{"a":0,"k":[1,1,0.745098039216,1],"ix":5},"o":{"a":0,"k":75,"ix":2},"s":{"a":0,"k":5,"ix":11},"r":{"a":0,"k":50,"ix":12},"sr":{"a":0,"k":1,"ix":9},"ch":{"a":0,"k":0,"ix":10},"bm":{"a":0,"k":11,"ix":1},"no":{"a":0,"k":0,"ix":3},"j":{"a":0,"k":0,"ix":13},"ty":4,"nm":"Inner Glow"},{"c":{"a":0,"k":[1,0,0,1],"ix":2},"s":{"a":0,"k":3,"ix":3},"ty":0,"nm":"Stroke"}],"shapes":[{"ty":"gr","it":[{"ty":"rc","d":1,"s":{"a":0,"k":[1136,724],"ix":2},"p":{"a":0,"k":[0,0],"ix":3},"r":{"a":0,"k":0,"ix":4},"nm":"Rectangle Path 1","mn":"ADBE Vector Shape - Rect","hd":false},{"ty":"fl","c":{"a":0,"k":[0.894117647059,0.941176470588,0.976470588235,1],"ix":4},"o":{"a":0,"k":100,"ix":5},"r":1,"bm":0,"nm":"Fill 1","mn":"ADBE Vector Graphic - Fill","hd":false},{"ty":"tr","p":{"a":0,"k":[2,4.5],"ix":2},"a":{"a":0,"k":[0,0],"ix":1},"s":{"a":0,"k":[100,100],"ix":3},"r":{"a":0,"k":0,"ix":6},"o":{"a":0,"k":100,"ix":7},"sk":{"a":0,"k":0,"ix":4},"sa":{"a":0,"k":0,"ix":5},"nm":"Transform"}],"nm":"Rectangle 1","np":3,"cix":2,"bm":0,"ix":1,"mn":"ADBE Vector Group","hd":false}],"ip":0,"op":62,"st":0,"bm":0}],"markers":[],"chars":[{"ch":"C","size":62,"style":"Regular","w":53.32,"data":{"shapes":[{"ty":"gr","it":[{"ind":0,"ty":"sh","ix":1,"ks":{"a":0,"k":{"i":[[0.049,0.488],[0.098,0.277],[0.163,0.098],[0.229,0],[0.851,-0.618],[1.325,-0.764],[1.881,-0.618],[2.519,0],[2.356,1.058],[1.62,2.068],[0.867,3.076],[0,4.004],[-0.9,3.142],[-1.637,2.181],[-2.307,1.123],[-2.815,0],[-1.849,-0.635],[-1.292,-0.764],[-0.819,-0.635],[-0.458,0],[-0.18,0.146],[-0.131,0.31],[-0.066,0.456],[0,0.652],[0.049,0.423],[0.081,0.31],[0.13,0.228],[0.439,0.439],[1.139,0.684],[1.465,0.521],[1.725,0.342],[1.823,0],[3.401,-1.497],[2.441,-2.848],[1.35,-4.102],[0,-5.241],[-1.254,-3.922],[-2.328,-2.669],[-3.304,-1.367],[-4.102,0],[-2.002,0.439],[-1.546,0.635],[-1.042,0.668],[-0.326,0.326],[-0.13,0.228],[-0.082,0.293],[-0.033,0.391],[0,0.521]],"o":[[-0.049,-0.488],[-0.098,-0.276],[-0.163,-0.098],[-0.491,0],[-0.851,0.619],[-1.325,0.765],[-1.881,0.619],[-2.979,0],[-2.356,-1.057],[-1.62,-2.067],[-0.867,-3.076],[0,-4.036],[0.9,-3.141],[1.636,-2.18],[2.307,-1.123],[2.585,0],[1.849,0.635],[1.292,0.765],[0.818,0.635],[0.262,0],[0.18,-0.146],[0.131,-0.309],[0.066,-0.455],[0,-0.586],[-0.049,-0.423],[-0.082,-0.309],[-0.13,-0.227],[-0.439,-0.439],[-1.14,-0.684],[-1.465,-0.52],[-1.726,-0.342],[-4.134,0],[-3.402,1.498],[-2.441,2.849],[-1.351,4.102],[0,5.111],[1.253,3.923],[2.327,2.67],[3.304,1.367],[2.376,0],[2.002,-0.439],[1.546,-0.635],[1.041,-0.667],[0.325,-0.325],[0.13,-0.227],[0.081,-0.293],[0.032,-0.391],[0,-0.748]],"v":[[50.512,-10.791],[50.291,-11.938],[49.899,-12.5],[49.31,-12.646],[47.297,-11.719],[44.032,-9.644],[39.222,-7.568],[32.62,-6.641],[24.619,-8.228],[18.655,-12.915],[14.924,-20.63],[13.623,-31.25],[14.973,-42.017],[18.777,-50],[24.693,-54.956],[32.375,-56.641],[39.027,-55.688],[43.739,-53.589],[46.906,-51.489],[48.82,-50.537],[49.483,-50.757],[49.949,-51.44],[50.243,-52.588],[50.342,-54.248],[50.269,-55.762],[50.073,-56.86],[49.756,-57.666],[48.901,-58.667],[46.533,-60.352],[42.627,-62.158],[37.842,-63.452],[32.52,-63.965],[21.216,-61.719],[12.451,-55.2],[6.763,-44.775],[4.736,-30.762],[6.616,-17.212],[11.987,-7.324],[20.435,-1.27],[31.543,0.781],[38.11,0.122],[43.433,-1.489],[47.314,-3.442],[49.365,-4.932],[50.049,-5.762],[50.366,-6.543],[50.537,-7.568],[50.586,-8.936]],"c":true},"ix":2},"nm":"C","mn":"ADBE Vector Shape - Group","hd":false}],"nm":"C","np":3,"cix":2,"bm":0,"ix":1,"mn":"ADBE Vector Group","hd":false}]},"fFamily":"Calibri"},{"ch":"h","size":62,"style":"Regular","w":52.54,"data":{"shapes":[{"ty":"gr","it":[{"ind":0,"ty":"sh","ix":1,"ks":{"a":0,"k":{"i":[[0,0],[0.537,2.23],[1.237,1.66],[2.002,0.993],[2.93,0],[2.344,-1.188],[2.311,-2.441],[0,0],[0.13,0.195],[0.293,0.13],[0.52,0.066],[0.813,0],[0.52,-0.065],[0.309,-0.13],[0.114,-0.195],[0,-0.26],[0,0],[-0.114,-0.179],[-0.31,-0.13],[-0.521,-0.066],[-0.781,0],[-0.521,0.065],[-0.293,0.13],[-0.13,0.179],[0,0.261],[0,0],[-2.019,1.433],[-2.019,0],[-1.189,-0.586],[-0.749,-1.106],[-0.391,-1.53],[0,-2.506],[0,0],[-0.13,-0.179],[-0.293,-0.13],[-0.521,-0.066],[-0.814,0],[-0.521,0.065],[-0.293,0.13],[-0.13,0.179],[0,0.261]],"o":[[0,-3.157],[-0.537,-2.229],[-1.237,-1.66],[-2.002,-0.993],[-2.377,0],[-2.344,1.189],[0,0],[0,-0.26],[-0.13,-0.195],[-0.293,-0.13],[-0.521,-0.065],[-0.781,0],[-0.521,0.066],[-0.31,0.13],[-0.114,0.195],[0,0],[0,0.261],[0.114,0.179],[0.309,0.13],[0.52,0.065],[0.813,0],[0.52,-0.066],[0.293,-0.13],[0.13,-0.179],[0,0],[2.213,-2.766],[2.018,-1.432],[1.563,0],[1.188,0.586],[0.748,1.107],[0.391,1.53],[0,0],[0,0.261],[0.13,0.179],[0.293,0.13],[0.52,0.065],[0.781,0],[0.52,-0.066],[0.293,-0.13],[0.13,-0.179],[0,0]],"v":[[45.313,-27.979],[44.507,-36.06],[41.846,-41.895],[36.987,-45.874],[29.59,-47.363],[22.51,-45.581],[15.527,-40.137],[15.527,-66.455],[15.332,-67.139],[14.697,-67.627],[13.477,-67.92],[11.475,-68.018],[9.521,-67.92],[8.276,-67.627],[7.642,-67.139],[7.471,-66.455],[7.471,-1.221],[7.642,-0.562],[8.276,-0.098],[9.521,0.195],[11.475,0.293],[13.477,0.195],[14.697,-0.098],[15.332,-0.562],[15.527,-1.221],[15.527,-31.934],[21.875,-38.232],[27.93,-40.381],[32.056,-39.502],[34.961,-36.963],[36.67,-33.008],[37.256,-26.953],[37.256,-1.221],[37.451,-0.562],[38.086,-0.098],[39.307,0.195],[41.309,0.293],[43.262,0.195],[44.482,-0.098],[45.117,-0.562],[45.313,-1.221]],"c":true},"ix":2},"nm":"h","mn":"ADBE Vector Shape - Group","hd":false}],"nm":"h","np":3,"cix":2,"bm":0,"ix":1,"mn":"ADBE Vector Group","hd":false}]},"fFamily":"Calibri"},{"ch":"a","size":62,"style":"Regular","w":47.9,"data":{"shapes":[{"ty":"gr","it":[{"ind":0,"ty":"sh","ix":1,"ks":{"a":0,"k":{"i":[[0,0],[0.618,2.051],[1.367,1.384],[2.213,0.716],[3.157,0],[1.66,-0.309],[1.399,-0.471],[1.074,-0.569],[0.439,-0.423],[0.114,-0.471],[0,-0.813],[-0.066,-0.407],[-0.146,-0.26],[-0.195,-0.13],[-0.261,0],[-0.798,0.472],[-1.189,0.57],[-1.579,0.472],[-1.986,0],[-1.27,-0.439],[-0.798,-0.862],[-0.359,-1.302],[0,-1.692],[0,0],[0,0],[2.734,-0.602],[1.888,-1.204],[1.009,-1.823],[0,-2.473],[-0.732,-1.66],[-1.318,-1.139],[-1.872,-0.602],[-2.312,0],[-2.361,1.139],[-1.921,2.051],[0,0],[-0.228,-0.195],[-0.505,-0.098],[-0.847,0],[-0.456,0.098],[-0.261,0.195],[0,0.391]],"o":[[0,-2.734],[-0.619,-2.051],[-1.367,-1.383],[-2.214,-0.716],[-1.693,0],[-1.66,0.31],[-1.4,0.472],[-1.074,0.57],[-0.439,0.423],[-0.114,0.472],[0,0.488],[0.065,0.407],[0.146,0.261],[0.195,0.13],[0.391,0],[0.797,-0.471],[1.188,-0.569],[1.579,-0.471],[1.855,0],[1.27,0.439],[0.797,0.863],[0.358,1.302],[0,0],[0,0],[-3.418,0],[-2.734,0.603],[-1.888,1.205],[-1.009,1.823],[0,2.116],[0.732,1.66],[1.318,1.14],[1.871,0.602],[2.637,0],[2.36,-1.139],[0,0],[0,0.391],[0.227,0.195],[0.504,0.098],[0.879,0],[0.455,-0.098],[0.26,-0.195],[0,0]],"v":[[40.576,-30.811],[39.648,-37.988],[36.67,-43.14],[31.299,-46.289],[23.242,-47.363],[18.213,-46.899],[13.623,-45.728],[9.912,-44.165],[7.642,-42.676],[6.812,-41.333],[6.641,-39.404],[6.738,-38.062],[7.056,-37.061],[7.568,-36.475],[8.252,-36.279],[10.034,-36.987],[13.013,-38.55],[17.163,-40.112],[22.51,-40.82],[27.197,-40.161],[30.298,-38.208],[32.031,-34.961],[32.568,-30.469],[32.568,-27.051],[26.514,-27.051],[17.285,-26.147],[10.352,-23.438],[6.006,-18.896],[4.492,-12.451],[5.591,-6.787],[8.667,-2.588],[13.452,0.024],[19.727,0.928],[27.222,-0.781],[33.643,-5.566],[33.643,-1.172],[33.984,-0.293],[35.083,0.146],[37.109,0.293],[39.111,0.146],[40.186,-0.293],[40.576,-1.172]],"c":true},"ix":2},"nm":"a","mn":"ADBE Vector Shape - Group","hd":false},{"ind":1,"ty":"sh","ix":2,"ks":{"a":0,"k":{"i":[[0,0],[1.807,-1.074],[2.116,0],[1.448,1.351],[0,2.279],[-0.505,1.025],[-1.074,0.732],[-1.628,0.375],[-2.214,0],[0,0]],"o":[[-1.986,2.214],[-1.807,1.074],[-2.605,0],[-1.449,-1.35],[0,-1.334],[0.504,-1.025],[1.074,-0.732],[1.627,-0.374],[0,0],[0,0]],"v":[[32.568,-11.914],[26.88,-6.982],[20.996,-5.371],[14.917,-7.397],[12.744,-12.842],[13.501,-16.382],[15.869,-19.019],[19.922,-20.679],[25.684,-21.24],[32.568,-21.24]],"c":true},"ix":2},"nm":"a","mn":"ADBE Vector Shape - Group","hd":false}],"nm":"a","np":5,"cix":2,"bm":0,"ix":1,"mn":"ADBE Vector Group","hd":false}]},"fFamily":"Calibri"},{"ch":"r","size":62,"style":"Regular","w":34.86,"data":{"shapes":[{"ty":"gr","it":[{"ind":0,"ty":"sh","ix":1,"ks":{"a":0,"k":{"i":[[0.016,0.439],[0.049,0.228],[0.065,0.146],[0.195,0.163],[0.471,0.163],[0.586,0.13],[0.537,0.049],[0.423,0],[0.928,-0.244],[0.944,-0.635],[1.057,-1.106],[1.204,-1.758],[0,0],[0.114,0.179],[0.26,0.146],[0.471,0.049],[0.716,0],[0.455,-0.049],[0.293,-0.146],[0.098,-0.179],[0,-0.26],[0,0],[-0.114,-0.179],[-0.31,-0.13],[-0.521,-0.066],[-0.781,0],[-0.521,0.065],[-0.293,0.13],[-0.13,0.179],[0,0.261],[0,0],[-0.945,1.237],[-0.863,0.749],[-0.781,0.326],[-0.814,0],[-0.586,-0.13],[-0.472,-0.146],[-0.375,-0.146],[-0.261,0],[-0.146,0.146],[-0.098,0.277],[-0.033,0.488],[0,0.716]],"o":[[-0.017,-0.439],[-0.049,-0.227],[-0.066,-0.146],[-0.195,-0.163],[-0.472,-0.163],[-0.586,-0.13],[-0.537,-0.049],[-0.945,0],[-0.928,0.244],[-0.945,0.635],[-1.058,1.107],[0,0],[0,-0.26],[-0.114,-0.179],[-0.261,-0.146],[-0.472,-0.049],[-0.749,0],[-0.456,0.049],[-0.293,0.146],[-0.098,0.179],[0,0],[0,0.261],[0.114,0.179],[0.309,0.13],[0.52,0.065],[0.813,0],[0.52,-0.066],[0.293,-0.13],[0.13,-0.179],[0,0],[1.139,-1.79],[0.944,-1.237],[0.862,-0.748],[0.781,-0.325],[0.684,0],[0.586,0.13],[0.471,0.146],[0.374,0.146],[0.26,0],[0.146,-0.146],[0.098,-0.276],[0.032,-0.488],[0,-0.748]],"v":[[33.13,-44.067],[33.032,-45.068],[32.861,-45.63],[32.471,-46.094],[31.47,-46.582],[29.883,-47.021],[28.198,-47.29],[26.758,-47.363],[23.95,-46.997],[21.143,-45.679],[18.14,-43.066],[14.746,-38.77],[14.746,-45.166],[14.575,-45.825],[14.014,-46.313],[12.915,-46.606],[11.133,-46.68],[9.326,-46.606],[8.203,-46.313],[7.617,-45.825],[7.471,-45.166],[7.471,-1.221],[7.642,-0.562],[8.276,-0.098],[9.521,0.195],[11.475,0.293],[13.477,0.195],[14.697,-0.098],[15.332,-0.562],[15.527,-1.221],[15.527,-30.127],[18.652,-34.668],[21.362,-37.646],[23.828,-39.258],[26.221,-39.746],[28.125,-39.551],[29.712,-39.136],[30.981,-38.696],[31.934,-38.477],[32.544,-38.696],[32.91,-39.331],[33.105,-40.479],[33.154,-42.285]],"c":true},"ix":2},"nm":"r","mn":"ADBE Vector Shape - Group","hd":false}],"nm":"r","np":3,"cix":2,"bm":0,"ix":1,"mn":"ADBE Vector Group","hd":false}]},"fFamily":"Calibri"},{"ch":"g","size":62,"style":"Regular","w":48,"data":{"shapes":[{"ty":"gr","it":[{"ind":0,"ty":"sh","ix":1,"ks":{"a":0,"k":{"i":[[0.276,0.537],[0.553,0],[0,0],[1.155,0.146],[1.334,0],[2.1,-0.732],[1.497,-1.367],[0.846,-1.985],[0,-2.506],[-0.586,-1.514],[-1.009,-1.204],[0.813,-1.563],[0,-1.985],[-0.765,-1.237],[-1.595,-0.813],[0.797,-0.83],[0.537,-0.911],[0.26,-1.009],[0,-1.074],[-0.716,-1.449],[-1.595,-1.042],[-2.49,-0.603],[-3.548,0],[-2.702,0.797],[-1.742,1.383],[-0.847,1.823],[0,2.018],[0.748,1.449],[1.334,0.993],[1.823,0.537],[2.18,0.066],[0,0],[1.057,0.749],[0,1.14],[-0.375,0.749],[-0.586,0.586],[-1.611,-0.471],[-1.791,0],[-2.084,0.716],[-1.514,1.351],[-0.814,1.953],[0,2.539],[0.455,1.416],[1.139,1.172],[0,0],[-0.31,0.505],[0,1.14]],"o":[[-0.277,-0.537],[0,0],[-1.009,-0.26],[-1.156,-0.146],[-2.474,0],[-2.1,0.732],[-1.498,1.367],[-0.847,1.986],[0,2.148],[0.586,1.514],[-1.205,1.237],[-0.814,1.563],[0,1.433],[0.764,1.237],[-1.042,0.814],[-0.798,0.83],[-0.537,0.911],[-0.261,1.009],[0,1.692],[0.716,1.448],[1.595,1.041],[2.49,0.602],[3.678,0],[2.702,-0.798],[1.741,-1.384],[0.846,-1.823],[0,-1.921],[-0.749,-1.448],[-1.335,-0.993],[-1.823,-0.537],[0,0],[-1.758,-0.065],[-1.058,-0.748],[0,-0.977],[0.374,-0.748],[0.879,0.716],[1.611,0.472],[2.539,0],[2.083,-0.716],[1.514,-1.35],[0.813,-1.953],[0,-1.53],[-0.456,-1.416],[0,0],[0.488,0],[0.309,-0.504],[0,-1.106]],"v":[[43.774,-45.63],[42.529,-46.436],[29.248,-46.436],[26.001,-47.046],[22.266,-47.266],[15.405,-46.167],[10.01,-43.018],[6.494,-37.988],[5.225,-31.25],[6.104,-25.757],[8.496,-21.68],[5.469,-17.48],[4.248,-12.158],[5.396,-8.154],[8.936,-5.078],[6.177,-2.612],[4.175,0],[2.979,2.881],[2.588,6.006],[3.662,10.718],[7.129,14.453],[13.257,16.919],[22.314,17.822],[31.885,16.626],[38.55,13.354],[42.432,8.545],[43.701,2.783],[42.578,-2.271],[39.453,-5.933],[34.717,-8.228],[28.711,-9.131],[17.236,-9.619],[13.013,-10.84],[11.426,-13.672],[11.987,-16.26],[13.428,-18.262],[17.163,-16.479],[22.266,-15.771],[29.199,-16.846],[34.595,-19.946],[38.086,-24.902],[39.307,-31.641],[38.623,-36.06],[36.23,-39.941],[42.529,-39.941],[43.726,-40.698],[44.189,-43.164]],"c":true},"ix":2},"nm":"g","mn":"ADBE Vector Shape - Group","hd":false},{"ind":1,"ty":"sh","ix":2,"ks":{"a":0,"k":{"i":[[0.374,-1.172],[0.764,-0.895],[1.172,-0.504],[1.595,0],[1.643,1.66],[0,2.898],[-0.375,1.189],[-0.765,0.912],[-1.156,0.521],[-1.563,0],[-1.644,-1.676],[0,-2.995]],"o":[[-0.375,1.172],[-0.765,0.896],[-1.172,0.505],[-2.962,0],[-1.644,-1.66],[0,-1.302],[0.374,-1.188],[0.764,-0.911],[1.155,-0.52],[3.027,0],[1.643,1.677],[0,1.27]],"v":[[31.03,-27.93],[29.321,-24.829],[26.416,-22.729],[22.266,-21.973],[15.356,-24.463],[12.891,-31.299],[13.452,-35.034],[15.161,-38.184],[18.042,-40.332],[22.119,-41.113],[29.126,-38.599],[31.592,-31.592]],"c":true},"ix":2},"nm":"g","mn":"ADBE Vector Shape - Group","hd":false},{"ind":2,"ty":"sh","ix":3,"ks":{"a":0,"k":{"i":[[0.439,-1.009],[1.009,-0.781],[1.643,-0.472],[2.441,0],[2.148,1.09],[0,2.116],[-0.146,0.651],[-0.391,0.667],[-0.668,0.732],[-1.042,0.814],[0,0],[-1.546,-1.025],[0,-1.888]],"o":[[-0.439,1.009],[-1.009,0.781],[-1.644,0.471],[-3.841,0],[-2.148,-1.091],[0,-0.684],[0.146,-0.652],[0.391,-0.668],[0.667,-0.732],[0,0],[2.637,0.066],[1.546,1.025],[0,1.106]],"v":[[34.985,6.396],[32.813,9.082],[28.833,10.962],[22.705,11.67],[13.721,10.034],[10.498,5.225],[10.718,3.223],[11.523,1.245],[13.11,-0.854],[15.674,-3.174],[27.051,-2.783],[33.325,-1.147],[35.645,3.223]],"c":true},"ix":2},"nm":"g","mn":"ADBE Vector Shape - Group","hd":false}],"nm":"g","np":6,"cix":2,"bm":0,"ix":1,"mn":"ADBE Vector Group","hd":false}]},"fFamily":"Calibri"},{"ch":"i","size":62,"style":"Regular","w":22.95,"data":{"shapes":[{"ty":"gr","it":[{"ind":0,"ty":"sh","ix":1,"ks":{"a":0,"k":{"i":[[0,0],[0.13,0.195],[0.293,0.13],[0.52,0.066],[0.813,0],[0.52,-0.065],[0.309,-0.13],[0.114,-0.195],[0,-0.227],[0,0],[-0.114,-0.179],[-0.31,-0.13],[-0.521,-0.066],[-0.781,0],[-0.521,0.065],[-0.293,0.13],[-0.13,0.179],[0,0.261]],"o":[[0,-0.227],[-0.13,-0.195],[-0.293,-0.13],[-0.521,-0.065],[-0.781,0],[-0.521,0.066],[-0.31,0.13],[-0.114,0.195],[0,0],[0,0.261],[0.114,0.179],[0.309,0.13],[0.52,0.065],[0.813,0],[0.52,-0.066],[0.293,-0.13],[0.13,-0.179],[0,0]],"v":[[15.527,-45.166],[15.332,-45.801],[14.697,-46.289],[13.477,-46.582],[11.475,-46.68],[9.521,-46.582],[8.276,-46.289],[7.642,-45.801],[7.471,-45.166],[7.471,-1.221],[7.642,-0.562],[8.276,-0.098],[9.521,0.195],[11.475,0.293],[13.477,0.195],[14.697,-0.098],[15.332,-0.562],[15.527,-1.221]],"c":true},"ix":2},"nm":"i","mn":"ADBE Vector Shape - Group","hd":false},{"ind":1,"ty":"sh","ix":2,"ks":{"a":0,"k":{"i":[[0.7,0.668],[1.888,0],[0.716,-0.684],[0,-1.888],[-0.7,-0.667],[-1.888,0],[-0.716,0.684],[0,1.888]],"o":[[-0.7,-0.667],[-1.921,0],[-0.716,0.684],[0,1.855],[0.7,0.668],[1.92,0],[0.716,-0.684],[0,-1.855]],"v":[[15.405,-63.794],[11.523,-64.795],[7.568,-63.77],[6.494,-59.912],[7.544,-56.128],[11.426,-55.127],[15.381,-56.152],[16.455,-60.01]],"c":true},"ix":2},"nm":"i","mn":"ADBE Vector Shape - Group","hd":false}],"nm":"i","np":5,"cix":2,"bm":0,"ix":1,"mn":"ADBE Vector Group","hd":false}]},"fFamily":"Calibri"},{"ch":"n","size":62,"style":"Regular","w":52.54,"data":{"shapes":[{"ty":"gr","it":[{"ind":0,"ty":"sh","ix":1,"ks":{"a":0,"k":{"i":[[0,0],[0.537,2.23],[1.237,1.66],[2.002,0.993],[2.93,0],[2.457,-1.286],[2.473,-2.766],[0,0],[0.114,0.179],[0.26,0.146],[0.471,0.049],[0.716,0],[0.455,-0.049],[0.293,-0.146],[0.098,-0.179],[0,-0.26],[0,0],[-0.114,-0.179],[-0.31,-0.13],[-0.521,-0.066],[-0.781,0],[-0.521,0.065],[-0.293,0.13],[-0.13,0.179],[0,0.261],[0,0],[-2.019,1.433],[-2.019,0],[-1.189,-0.586],[-0.749,-1.106],[-0.391,-1.53],[0,-2.506],[0,0],[-0.13,-0.179],[-0.293,-0.13],[-0.521,-0.066],[-0.814,0],[-0.521,0.065],[-0.293,0.13],[-0.13,0.179],[0,0.261]],"o":[[0,-3.125],[-0.537,-2.229],[-1.237,-1.66],[-2.002,-0.993],[-2.507,0],[-2.458,1.286],[0,0],[0,-0.26],[-0.114,-0.179],[-0.261,-0.146],[-0.472,-0.049],[-0.749,0],[-0.456,0.049],[-0.293,0.146],[-0.098,0.179],[0,0],[0,0.261],[0.114,0.179],[0.309,0.13],[0.52,0.065],[0.813,0],[0.52,-0.066],[0.293,-0.13],[0.13,-0.179],[0,0],[2.213,-2.766],[2.018,-1.432],[1.563,0],[1.188,0.586],[0.748,1.107],[0.391,1.53],[0,0],[0,0.261],[0.13,0.179],[0.293,0.13],[0.52,0.065],[0.781,0],[0.52,-0.066],[0.293,-0.13],[0.13,-0.179],[0,0]],"v":[[45.313,-28.027],[44.507,-36.06],[41.846,-41.895],[36.987,-45.874],[29.59,-47.363],[22.144,-45.435],[14.746,-39.355],[14.746,-45.166],[14.575,-45.825],[14.014,-46.313],[12.915,-46.606],[11.133,-46.68],[9.326,-46.606],[8.203,-46.313],[7.617,-45.825],[7.471,-45.166],[7.471,-1.221],[7.642,-0.562],[8.276,-0.098],[9.521,0.195],[11.475,0.293],[13.477,0.195],[14.697,-0.098],[15.332,-0.562],[15.527,-1.221],[15.527,-31.934],[21.875,-38.232],[27.93,-40.381],[32.056,-39.502],[34.961,-36.963],[36.67,-33.008],[37.256,-26.953],[37.256,-1.221],[37.451,-0.562],[38.086,-0.098],[39.307,0.195],[41.309,0.293],[43.262,0.195],[44.482,-0.098],[45.117,-0.562],[45.313,-1.221]],"c":true},"ix":2},"nm":"n","mn":"ADBE Vector Shape - Group","hd":false}],"nm":"n","np":3,"cix":2,"bm":0,"ix":1,"mn":"ADBE Vector Group","hd":false}]},"fFamily":"Calibri"},{"ch":".","size":62,"style":"Regular","w":25.24,"data":{"shapes":[{"ty":"gr","it":[{"ind":0,"ty":"sh","ix":1,"ks":{"a":0,"k":{"i":[[0.748,0.749],[1.953,0],[0.764,-0.764],[0,-2.311],[-0.749,-0.748],[-1.953,0],[-0.765,0.764],[0,2.312]],"o":[[-0.749,-0.748],[-2.019,0],[-0.765,0.765],[0,2.246],[0.748,0.748],[2.018,0],[0.764,-0.764],[0,-2.246]],"v":[[16.748,-9.814],[12.695,-10.938],[8.521,-9.79],[7.373,-5.176],[8.496,-0.684],[12.549,0.439],[16.724,-0.708],[17.871,-5.322]],"c":true},"ix":2},"nm":".","mn":"ADBE Vector Shape - Group","hd":false}],"nm":".","np":3,"cix":2,"bm":0,"ix":1,"mn":"ADBE Vector Group","hd":false}]},"fFamily":"Calibri"}]}